no,name,start,end,first_appointed_by
1,Charles Hamlin,1914-08-10,1916-08-09,Woodrow Wilson
2,William Harding,1916-08-10,1922-08-09,Woodrow Wilson
3,Daniel Crissinger,1923-05-01,1927-09-15,Warren G. Harding
4,Roy Young,1927-10-04,1930-08-31,Calvin Coolidge
5,Eugene Meyer,1930-09-16,1933-05-10,Herbert Hoover
6,Eugene Black,1933-05-19,1934-08-15,Franklin D. Roosevelt
7,Marriner Eccles,1934-11-15,1948-01-31,Franklin D. Roosevelt
8,Thomas McCabe,1948-04-15,1951-03-31,Harry S. Truman
9,Bill Martin,1951-04-02,1970-01-31,Harry S. Truman
10,Arthur Burns,1970-02-01,1978-01-31,Richard Nixon
11,William Miller,1978-03-08,1979-08-06,Jimmy Carter
12,Paul Volcker,1979-08-06,1987-08-11,Jimmy Carter
13,Alan Greenspan,1987-08-11,2006-01-31,Ronald Reagan
14,Ben Bernanke,2006-02-01,2014-01-31,George W. Bush
15,Janet Yellen,2014-02-03,2018-02-03,Barack Obama
16,Jay Powell,2018-02-05,incumbent,Donald Trump
